{
  "group": "sgeorsge",
  "type": "minecraft:crafting_shaped",
  "pattern": [
    "012",
    "345",
    "678"
  ],
  "key": {
    "0": {
      "item": "minecraft:iron_block"
    },
    "1": {
      "item": "sgeorsge:crushing_gear"
    },
    "2": {
      "item": "minecraft:iron_block"
    },
    "3": {
      "item": "minecraft:iron_block"
    },
    "4": {
      "item": "sgeorsge:energy_catalyst"
    },
    "5": {
      "item": "minecraft:iron_block"
    },
    "6": {
      "item": "minecraft:iron_block"
    },
    "7": {
      "item": "minecraft:obsidian"
    },
    "8": {
      "item": "minecraft:iron_block"
    }
  },
  "result": {
    "item": "sgeorsge:crusher",
    "count": 1
  }
}