{
  "_fv": 8,
  "_type": "gui",
  "definition": {
    "type": 1,
    "width": 352,
    "height": 332,
    "renderBgLayer": true,
    "components": [
      {
        "type": "label",
        "data": {
          "text": "Crusher",
          "color": {
            "value": -16777216,
            "falpha": 0.0
          },
          "name": "Crusher",
          "x": 390,
          "y": 96
        }
      },
      {
        "type": "inputslot",
        "data": {
          "inputLimit": {
            "value": ""
          },
          "id": 0,
          "disableStackInteraction": false,
          "name": "Slot #0",
          "x": 264,
          "y": 186
        }
      },
      {
        "type": "image",
        "data": {
          "image": "pino.png",
          "name": "pino.png",
          "x": 264,
          "y": 150
        }
      },
      {
        "type": "image",
        "data": {
          "image": "pino.png",
          "name": "pino.png",
          "x": 282,
          "y": 132
        }
      },
      {
        "type": "image",
        "data": {
          "image": "pino.png",
          "name": "pino.png",
          "x": 264,
          "y": 114
        }
      },
      {
        "type": "inputslot",
        "data": {
          "inputLimit": {
            "value": ""
          },
          "id": 1,
          "disableStackInteraction": false,
          "name": "Slot #1",
          "x": 336,
          "y": 132
        }
      },
      {
        "type": "outputslot",
        "data": {
          "id": 2,
          "disableStackInteraction": false,
          "name": "Slot #2",
          "x": 480,
          "y": 132
        }
      }
    ]
  }
}